<?xml version="1.0" encoding="UTF-8"?>
<!DOCTYPE mapper PUBLIC "-//mybatis.org//DTD Mapper 3.0//EN" "http://mybatis.org/dtd/mybatis-3-mapper.dtd">
<mapper namespace="com.shop.dao.OsProductSpecificationMapper">
    <resultMap id="BaseResultMap" type="com.shop.po.OsProductSpecification">
        <id column="product_spec_id" jdbcType="BIGINT" property="productSpecId"/>
        <result column="product_spec_number" jdbcType="BIGINT" property="productSpecNumber"/>
        <result column="product_id" jdbcType="BIGINT" property="productId"/>
        <result column="spec" jdbcType="VARCHAR" property="spec"/>
        <result column="stock" jdbcType="INTEGER" property="stock"/>
        <result column="sales_volume" jdbcType="INTEGER" property="salesVolume"/>
        <result column="price" jdbcType="DECIMAL" property="price"/>
        <result column="score" jdbcType="INTEGER" property="score"/>
        <result column="default_status" jdbcType="TINYINT" property="defaultStatus"/>
        <result column="status" jdbcType="TINYINT" property="status"/>
        <result column="create_time" jdbcType="TIMESTAMP" property="createTime"/>
        <result column="update_time" jdbcType="TIMESTAMP" property="updateTime"/>
    </resultMap>
    <resultMap id="KindMap" type="com.shop.vo.KindVO">
        <id column="specification_id" jdbcType="BIGINT" property="specificationId" />
        <result column="category_id" jdbcType="BIGINT" property="categoryId" />
        <result column="name" jdbcType="VARCHAR" property="name" />
        <collection property="kindAttributes" ofType="com.shop.vo.KindAttribute">
            <id column="spec_attr_id" jdbcType="BIGINT" property="specAttrId" />
            <result column="specification_id" jdbcType="BIGINT" property="specificationId" />
            <result column="aname" jdbcType="VARCHAR" property="name" />
        </collection>
    </resultMap>
    <sql id="Base_Column_List">
    product_spec_id, product_spec_number, product_id, spec, stock, sales_volume, price, 
    score, default_status, status, create_time, update_time
  </sql>
    <select id="selectByPrimaryKey" parameterType="java.lang.Long" resultMap="BaseResultMap">
        select
        <include refid="Base_Column_List"/>
        from os_product_specification
        where product_spec_id = #{productSpecId,jdbcType=BIGINT}
    </select>

    <select id="selectByProductSpecNumber" parameterType="java.lang.Long" resultMap="BaseResultMap">
        select
        <include refid="Base_Column_List"/>
        from os_product_specification
        where product_spec_number = #{productSpecNumber,jdbcType=BIGINT}
    </select>

    <select id="selectByProductNumber" parameterType="java.lang.Long" resultMap="BaseResultMap">
        SELECT
        ops.*
        FROM
        os_product_specification ops,
        os_product op
        WHERE
        ops.product_id = op.product_id
        AND op.product_number= #{productNumber,jdbcType=BIGINT}
    </select>
    <select id="selectByProductId" parameterType="java.lang.Long" resultMap="BaseResultMap">
        SELECT
        *
        FROM
        os_product_specification 
        WHERE
        os_product_specification.product_id= #{productId,jdbcType=BIGINT}
    </select>

    <select id="selectSpecByCategoryId" parameterType="java.lang.Long" resultMap="KindMap">
    SELECT
        os.category_id,
        os.specification_id,
        os.`name`,
        osa.specification_id,
        osa.spec_attr_id,
        osa.`name` AS aname
    FROM
        os_specification os,
        os_specification_attribute osa
    WHERE
        os.specification_id = osa.specification_id
    AND
        os.category_id = #{categoryId,jdbcType=BIGINT}
  </select>

    <delete id="deleteByPrimaryKey" parameterType="java.lang.Long">
    delete from os_product_specification
    where product_spec_id = #{productSpecId,jdbcType=BIGINT}
  </delete>
    <insert id="insert" parameterType="com.shop.po.OsProductSpecification">
    insert into os_product_specification (product_spec_id, product_spec_number, product_id, 
      spec, stock, sales_volume, 
      price, score, default_status, 
      status, create_time, update_time
      )
    values (#{productSpecId,jdbcType=BIGINT}, #{productSpecNumber,jdbcType=BIGINT}, #{productId,jdbcType=BIGINT}, 
      #{spec,jdbcType=VARCHAR}, #{stock,jdbcType=INTEGER}, #{salesVolume,jdbcType=INTEGER}, 
      #{price,jdbcType=DECIMAL}, #{score,jdbcType=INTEGER}, #{defaultStatus,jdbcType=TINYINT}, 
      #{status,jdbcType=TINYINT}, #{createTime,jdbcType=TIMESTAMP}, #{updateTime,jdbcType=TIMESTAMP}
      )
  </insert>
    <insert id="insertSelective" parameterType="com.shop.po.OsProductSpecification">
        insert into os_product_specification
        <trim prefix="(" suffix=")" suffixOverrides=",">
            <if test="productSpecId != null">
                product_spec_id,
            </if>
            <if test="productSpecNumber != null">
                product_spec_number,
            </if>
            <if test="productId != null">
                product_id,
            </if>
            <if test="spec != null">
                spec,
            </if>
            <if test="stock != null">
                stock,
            </if>
            <if test="salesVolume != null">
                sales_volume,
            </if>
            <if test="price != null">
                price,
            </if>
            <if test="score != null">
                score,
            </if>
            <if test="defaultStatus != null">
                default_status,
            </if>
            <if test="status != null">
                status,
            </if>
            <if test="createTime != null">
                create_time,
            </if>
            <if test="updateTime != null">
                update_time,
            </if>
        </trim>
        <trim prefix="values (" suffix=")" suffixOverrides=",">
            <if test="productSpecId != null">
                #{productSpecId,jdbcType=BIGINT},
            </if>
            <if test="productSpecNumber != null">
                #{productSpecNumber,jdbcType=BIGINT},
            </if>
            <if test="productId != null">
                #{productId,jdbcType=BIGINT},
            </if>
            <if test="spec != null">
                #{spec,jdbcType=VARCHAR},
            </if>
            <if test="stock != null">
                #{stock,jdbcType=INTEGER},
            </if>
            <if test="salesVolume != null">
                #{salesVolume,jdbcType=INTEGER},
            </if>
            <if test="price != null">
                #{price,jdbcType=DECIMAL},
            </if>
            <if test="score != null">
                #{score,jdbcType=INTEGER},
            </if>
            <if test="defaultStatus != null">
                #{defaultStatus,jdbcType=TINYINT},
            </if>
            <if test="status != null">
                #{status,jdbcType=TINYINT},
            </if>
            <if test="createTime != null">
                #{createTime,jdbcType=TIMESTAMP},
            </if>
            <if test="updateTime != null">
                #{updateTime,jdbcType=TIMESTAMP},
            </if>
        </trim>
    </insert>
    <update id="updateByPrimaryKeySelective" parameterType="com.shop.po.OsProductSpecification">
        update os_product_specification
        <set>
            <if test="productSpecNumber != null">
                product_spec_number = #{productSpecNumber,jdbcType=BIGINT},
            </if>
            <if test="productId != null">
                product_id = #{productId,jdbcType=BIGINT},
            </if>
            <if test="spec != null">
                spec = #{spec,jdbcType=VARCHAR},
            </if>
            <if test="stock != null">
                stock = #{stock,jdbcType=INTEGER},
            </if>
            <if test="salesVolume != null">
                sales_volume = #{salesVolume,jdbcType=INTEGER},
            </if>
            <if test="price != null">
                price = #{price,jdbcType=DECIMAL},
            </if>
            <if test="score != null">
                score = #{score,jdbcType=INTEGER},
            </if>
            <if test="defaultStatus != null">
                default_status = #{defaultStatus,jdbcType=TINYINT},
            </if>
            <if test="status != null">
                status = #{status,jdbcType=TINYINT},
            </if>
            <if test="createTime != null">
                create_time = #{createTime,jdbcType=TIMESTAMP},
            </if>
            <if test="updateTime != null">
                update_time = #{updateTime,jdbcType=TIMESTAMP},
            </if>
        </set>
        where product_spec_id = #{productSpecId,jdbcType=BIGINT}
    </update>
    <update id="updateByPrimaryKey" parameterType="com.shop.po.OsProductSpecification">
    update os_product_specification
    set product_spec_number = #{productSpecNumber,jdbcType=BIGINT},
      product_id = #{productId,jdbcType=BIGINT},
      spec = #{spec,jdbcType=VARCHAR},
      stock = #{stock,jdbcType=INTEGER},
      sales_volume = #{salesVolume,jdbcType=INTEGER},
      price = #{price,jdbcType=DECIMAL},
      score = #{score,jdbcType=INTEGER},
      default_status = #{defaultStatus,jdbcType=TINYINT},
      status = #{status,jdbcType=TINYINT},
      create_time = #{createTime,jdbcType=TIMESTAMP},
      update_time = #{updateTime,jdbcType=TIMESTAMP}
    where product_spec_id = #{productSpecId,jdbcType=BIGINT}
  </update>
  <select id="getAll" resultMap="BaseResultMap" >
        SELECT
        *
        FROM
        os_product_specification 
    </select>
    
    <delete id="deleteByProductSpecNumber" parameterType="java.lang.Long">
    delete from os_product_specification
    where product_spec_number = #{productSpecNumber,jdbcType=BIGINT}
  </delete>
</mapper>