<?xml version="1.0" encoding="UTF-8"?>
<!DOCTYPE mapper PUBLIC "-//mybatis.org//DTD Mapper 3.0//EN" "http://mybatis.org/dtd/mybatis-3-mapper.dtd">
<mapper namespace="com.shop.dao.OsCategoryMapper">
    <resultMap id="BaseResultMap" type="com.shop.po.OsCategory">
        <id column="category_id" jdbcType="BIGINT" property="categoryId"/>
        <result column="parent_id" jdbcType="BIGINT" property="parentId"/>
        <result column="name" jdbcType="VARCHAR" property="name"/>
        <result column="sort" jdbcType="INTEGER" property="sort"/>
        <result column="type" jdbcType="TINYINT" property="type"/>
        <result column="create_time" jdbcType="TIMESTAMP" property="createTime"/>
        <result column="update_time" jdbcType="TIMESTAMP" property="updateTime"/>
        <result column="page_title" jdbcType="VARCHAR" property="pageTitle"/>
        <result column="page_description" jdbcType="VARCHAR" property="pageDescription"/>
        <result column="page_keyword" jdbcType="VARCHAR" property="pageKeyword"/>
        <result column="remarks" jdbcType="VARCHAR" property="remarks"/>
    </resultMap>
    <resultMap id="IndexCategory" type="com.shop.vo.CategoryVO">
        <id column="category_id" jdbcType="BIGINT" property="categoryId"/>
        <result column="name" jdbcType="VARCHAR" property="name"/>
        <collection property="products" ofType="com.shop.po.OsProduct">
            <id column="product_id" jdbcType="BIGINT" property="productId"/>
            <result column="product_number" jdbcType="BIGINT" property="productNumber"/>
            <result column="pname" jdbcType="VARCHAR" property="name"/>
            <result column="show_price" jdbcType="DECIMAL" property="showPrice"/>
            <result column="introduce" jdbcType="VARCHAR" property="introduce"/>
            <result column="pic_img" jdbcType="VARCHAR" property="picImg"/>
            <result column="create_time" jdbcType="TIMESTAMP" property="createTime"/>
            <result column="update_time" jdbcType="TIMESTAMP" property="updateTime"/>
            <result column="page_title" jdbcType="VARCHAR" property="pageTitle"/>
            <result column="page_description" jdbcType="VARCHAR" property="pageDescription"/>
            <result column="remarks" jdbcType="VARCHAR" property="remarks"/>
        </collection>
    </resultMap>
    <sql id="Base_Column_List">
		category_id, parent_id, name, sort, type, create_time,
		update_time, page_title,
		page_description,
		page_keyword, remarks
	</sql>
    <select id="selectByPrimaryKey" parameterType="java.lang.Long"
            resultMap="BaseResultMap">
        select
        <include refid="Base_Column_List"/>
        from os_category
        where category_id = #{categoryId,jdbcType=BIGINT}
    </select>

    <select id="selectParentCategoryByProductId" parameterType="java.lang.Long"
            resultMap="BaseResultMap">
		SELECT DISTINCT
            oc2.category_id,
            oc2. `name`
        FROM
            os_category oc1,
            os_category oc2,
            os_product_category opc
        WHERE
            oc1.category_id = opc.category_id
        AND oc1.parent_id = oc2.category_id
        AND opc.product_id = #{productId,jdbcType=BIGINT}
	</select>

    <select id="listLowerCategories" parameterType="java.lang.Long"
            resultMap="BaseResultMap">
        SELECT
        DISTINCT
            oc2.*
        FROM
            os_category oc1,
            os_category oc2
        WHERE
            oc1.category_id = oc2.parent_id
        AND oc1.category_id = #{categoryId,jdbcType=BIGINT}
        ORDER BY
            oc2.sort
    </select>

    <select id="listUpperCategories" parameterType="java.lang.Long"
            resultMap="BaseResultMap">
        SELECT
        DISTINCT
            oc2.*
        FROM
            os_category oc1,
            os_category oc2
        WHERE
            oc1.category_id = oc2.parent_id
        AND oc2.category_id = #{categoryId,jdbcType=BIGINT}
        ORDER BY
            oc2.sort
    </select>

    <delete id="deleteByPrimaryKey" parameterType="java.lang.Long">
		delete from
		os_category
		where category_id = #{categoryId,jdbcType=BIGINT}
	</delete>
    <insert id="insert" parameterType="com.shop.po.OsCategory">
		insert into os_category
		(category_id, parent_id, name,
		sort, type, create_time,
		update_time,
		page_title, page_description,
		page_keyword, remarks)
		values
		(#{categoryId,jdbcType=BIGINT}, #{parentId,jdbcType=BIGINT},
		#{name,jdbcType=VARCHAR},
		#{sort,jdbcType=INTEGER},
		#{type,jdbcType=TINYINT}, #{createTime,jdbcType=TIMESTAMP},
		#{updateTime,jdbcType=TIMESTAMP}, #{pageTitle,jdbcType=VARCHAR},
		#{pageDescription,jdbcType=VARCHAR},
		#{pageKeyword,jdbcType=VARCHAR},
		#{remarks,jdbcType=VARCHAR})
	</insert>
    <insert id="insertSelective" parameterType="com.shop.po.OsCategory">
        insert into os_category
        <trim prefix="(" suffix=")" suffixOverrides=",">
            <if test="categoryId != null">
                category_id,
            </if>
            <if test="parentId != null">
                parent_id,
            </if>
            <if test="name != null">
                name,
            </if>
            <if test="sort != null">
                sort,
            </if>
            <if test="type != null">
                type,
            </if>
            <if test="createTime != null">
                create_time,
            </if>
            <if test="updateTime != null">
                update_time,
            </if>
            <if test="pageTitle != null">
                page_title,
            </if>
            <if test="pageDescription != null">
                page_description,
            </if>
            <if test="pageKeyword != null">
                page_keyword,
            </if>
            <if test="remarks != null">
                remarks,
            </if>
        </trim>
        <trim prefix="values (" suffix=")" suffixOverrides=",">
            <if test="categoryId != null">
                #{categoryId,jdbcType=BIGINT},
            </if>
            <if test="parentId != null">
                #{parentId,jdbcType=BIGINT},
            </if>
            <if test="name != null">
                #{name,jdbcType=VARCHAR},
            </if>
            <if test="sort != null">
                #{sort,jdbcType=INTEGER},
            </if>
            <if test="type != null">
                #{type,jdbcType=TINYINT},
            </if>
            <if test="createTime != null">
                #{createTime,jdbcType=TIMESTAMP},
            </if>
            <if test="updateTime != null">
                #{updateTime,jdbcType=TIMESTAMP},
            </if>
            <if test="pageTitle != null">
                #{pageTitle,jdbcType=VARCHAR},
            </if>
            <if test="pageDescription != null">
                #{pageDescription,jdbcType=VARCHAR},
            </if>
            <if test="pageKeyword != null">
                #{pageKeyword,jdbcType=VARCHAR},
            </if>
            <if test="remarks != null">
                #{remarks,jdbcType=VARCHAR},
            </if>
        </trim>
    </insert>
    <update id="updateByPrimaryKeySelective" parameterType="com.shop.po.OsCategory">
        update os_category
        <set>
            <if test="parentId != null">
                parent_id = #{parentId,jdbcType=BIGINT},
            </if>
            <if test="name != null">
                name = #{name,jdbcType=VARCHAR},
            </if>
            <if test="sort != null">
                sort = #{sort,jdbcType=INTEGER},
            </if>
            <if test="type != null">
                type = #{type,jdbcType=TINYINT},
            </if>
            <if test="createTime != null">
                create_time = #{createTime,jdbcType=TIMESTAMP},
            </if>
            <if test="updateTime != null">
                update_time = #{updateTime,jdbcType=TIMESTAMP},
            </if>
            <if test="pageTitle != null">
                page_title = #{pageTitle,jdbcType=VARCHAR},
            </if>
            <if test="pageDescription != null">
                page_description = #{pageDescription,jdbcType=VARCHAR},
            </if>
            <if test="pageKeyword != null">
                page_keyword = #{pageKeyword,jdbcType=VARCHAR},
            </if>
            <if test="remarks != null">
                remarks = #{remarks,jdbcType=VARCHAR},
            </if>
        </set>
        where category_id = #{categoryId,jdbcType=BIGINT}
    </update>
    <update id="updateByPrimaryKey" parameterType="com.shop.po.OsCategory">
		update os_category
		set parent_id = #{parentId,jdbcType=BIGINT},
		name =
		#{name,jdbcType=VARCHAR},
		sort = #{sort,jdbcType=INTEGER},
		type =
		#{type,jdbcType=TINYINT},
		create_time =
		#{createTime,jdbcType=TIMESTAMP},
		update_time =
		#{updateTime,jdbcType=TIMESTAMP},
		page_title =
		#{pageTitle,jdbcType=VARCHAR},
		page_description =
		#{pageDescription,jdbcType=VARCHAR},
		page_keyword =
		#{pageKeyword,jdbcType=VARCHAR},
		remarks = #{remarks,jdbcType=VARCHAR}
		where category_id = #{categoryId,jdbcType=BIGINT}
	</update>
    <select id="selectIndexCategory" resultMap="IndexCategory">
		SELECT
		c2.category_id,
		c2.`name`,
		p.product_id,
		p.product_number,
		p. NAME AS pname,
		p.show_price,
		p.introduce,
		p.pic_img,
		p.create_time,
		p.update_time,
		p.page_title,
		p.page_description,
		p.remarks
		FROM
		os_product p,
		os_product_category pc,
		os_category c1,
		os_category c2
		WHERE
		p.product_id = pc.product_id
		AND c1.category_id = pc.category_id
		AND c2.category_id = c1.parent_id
	</select>
<select id="selectByName" parameterType="java.lang.String" resultMap="BaseResultMap">
    select
    <include refid="Base_Column_List" />
    from os_category
    where name = #{name,jdbcType=VARCHAR}
  </select>
</mapper>