<?xml version="1.0" encoding="UTF-8"?>
<!DOCTYPE mapper PUBLIC "-//mybatis.org//DTD Mapper 3.0//EN" "http://mybatis.org/dtd/mybatis-3-mapper.dtd">
<mapper namespace="com.shop.dao.OsOrderStatusMapper">
  <resultMap id="BaseResultMap" type="com.shop.po.OsOrderStatus">
    <id column="order_status_id" jdbcType="BIGINT" property="orderStatusId" />
    <result column="order_id" jdbcType="BIGINT" property="orderId" />
    <result column="order_status" jdbcType="TINYINT" property="orderStatus" />
    <result column="create_time" jdbcType="TIMESTAMP" property="createTime" />
    <result column="create_status" jdbcType="TINYINT" property="createStatus" />
    <result column="remarks" jdbcType="VARCHAR" property="remarks" />
  </resultMap>
  <sql id="Base_Column_List">
    order_status_id, order_id, order_status, create_time, create_status, remarks
  </sql>
  <select id="selectByPrimaryKey" parameterType="java.lang.Long" resultMap="BaseResultMap">
    select 
    <include refid="Base_Column_List" />
    from os_order_status
    where order_status_id = #{orderStatusId,jdbcType=BIGINT}
  </select>
  <delete id="deleteByPrimaryKey" parameterType="java.lang.Long">
    delete from os_order_status
    where order_status_id = #{orderStatusId,jdbcType=BIGINT}
  </delete>
  <insert id="insert" parameterType="com.shop.po.OsOrderStatus">
    insert into os_order_status (order_status_id, order_id, order_status, 
      create_time, create_status, remarks
      )
    values (#{orderStatusId,jdbcType=BIGINT}, #{orderId,jdbcType=BIGINT}, #{orderStatus,jdbcType=TINYINT}, 
      #{createTime,jdbcType=TIMESTAMP}, #{createStatus,jdbcType=TINYINT}, #{remarks,jdbcType=VARCHAR}
      )
  </insert>
  <insert id="insertSelective" parameterType="com.shop.po.OsOrderStatus">
    insert into os_order_status
    <trim prefix="(" suffix=")" suffixOverrides=",">
      <if test="orderStatusId != null">
        order_status_id,
      </if>
      <if test="orderId != null">
        order_id,
      </if>
      <if test="orderStatus != null">
        order_status,
      </if>
      <if test="createTime != null">
        create_time,
      </if>
      <if test="createStatus != null">
        create_status,
      </if>
      <if test="remarks != null">
        remarks,
      </if>
    </trim>
    <trim prefix="values (" suffix=")" suffixOverrides=",">
      <if test="orderStatusId != null">
        #{orderStatusId,jdbcType=BIGINT},
      </if>
      <if test="orderId != null">
        #{orderId,jdbcType=BIGINT},
      </if>
      <if test="orderStatus != null">
        #{orderStatus,jdbcType=TINYINT},
      </if>
      <if test="createTime != null">
        #{createTime,jdbcType=TIMESTAMP},
      </if>
      <if test="createStatus != null">
        #{createStatus,jdbcType=TINYINT},
      </if>
      <if test="remarks != null">
        #{remarks,jdbcType=VARCHAR},
      </if>
    </trim>
  </insert>
  <update id="updateByPrimaryKeySelective" parameterType="com.shop.po.OsOrderStatus">
    update os_order_status
    <set>
      <if test="orderId != null">
        order_id = #{orderId,jdbcType=BIGINT},
      </if>
      <if test="orderStatus != null">
        order_status = #{orderStatus,jdbcType=TINYINT},
      </if>
      <if test="createTime != null">
        create_time = #{createTime,jdbcType=TIMESTAMP},
      </if>
      <if test="createStatus != null">
        create_status = #{createStatus,jdbcType=TINYINT},
      </if>
      <if test="remarks != null">
        remarks = #{remarks,jdbcType=VARCHAR},
      </if>
    </set>
    where order_status_id = #{orderStatusId,jdbcType=BIGINT}
  </update>
  <update id="updateByPrimaryKey" parameterType="com.shop.po.OsOrderStatus">
    update os_order_status
    set order_id = #{orderId,jdbcType=BIGINT},
      order_status = #{orderStatus,jdbcType=TINYINT},
      create_time = #{createTime,jdbcType=TIMESTAMP},
      create_status = #{createStatus,jdbcType=TINYINT},
      remarks = #{remarks,jdbcType=VARCHAR}
    where order_status_id = #{orderStatusId,jdbcType=BIGINT}
  </update>
  
  
  
  
  <select id="selectOrderStatusByOrderId" parameterType="java.lang.Long" resultMap="BaseResultMap">
    select
    <include refid="Base_Column_List" />
    from os_order_status
    where order_id = #{orderId,jdbcType=BIGINT}
  </select>
</mapper>