<?xml version="1.0" encoding="UTF-8"?>
<!DOCTYPE mapper PUBLIC "-//mybatis.org//DTD Mapper 3.0//EN" "http://mybatis.org/dtd/mybatis-3-mapper.dtd">
<mapper namespace="com.shop.dao.OsProductDetailMapper">
  <resultMap id="BaseResultMap" type="com.shop.po.OsProductDetail">
    <id column="product_detail_id" jdbcType="BIGINT" property="productDetailId" />
    <result column="product_id" jdbcType="BIGINT" property="productId" />
    <result column="create_time" jdbcType="TIMESTAMP" property="createTime" />
    <result column="update_time" jdbcType="TIMESTAMP" property="updateTime" />
  </resultMap>
  <resultMap extends="BaseResultMap" id="ResultMapWithBLOBs" type="com.shop.po.OsProductDetail">
    <result column="description" jdbcType="LONGVARCHAR" property="description" />
  </resultMap>
  <sql id="Base_Column_List">
    product_detail_id, product_id, create_time, update_time
  </sql>
  <sql id="Blob_Column_List">
    description
  </sql>
  <select id="selectByPrimaryKey" parameterType="java.lang.Long" resultMap="ResultMapWithBLOBs">
    select 
    <include refid="Base_Column_List" />
    ,
    <include refid="Blob_Column_List" />
    from os_product_detail
    where product_detail_id = #{productDetailId,jdbcType=BIGINT}
  </select>

  <select id="selectByProductId" parameterType="java.lang.Long" resultMap="ResultMapWithBLOBs">
    select
    <include refid="Base_Column_List" />
    ,
    <include refid="Blob_Column_List" />
    from os_product_detail
    where product_id = #{productId,jdbcType=BIGINT}
  </select>

  <delete id="deleteByPrimaryKey" parameterType="java.lang.Long">
    delete from os_product_detail
    where product_detail_id = #{productDetailId,jdbcType=BIGINT}
  </delete>
  <insert id="insert" parameterType="com.shop.po.OsProductDetail">
    insert into os_product_detail (product_detail_id, product_id, create_time, 
      update_time, description)
    values (#{productDetailId,jdbcType=BIGINT}, #{productId,jdbcType=BIGINT}, #{createTime,jdbcType=TIMESTAMP}, 
      #{updateTime,jdbcType=TIMESTAMP}, #{description,jdbcType=LONGVARCHAR})
  </insert>
  <insert id="insertSelective" parameterType="com.shop.po.OsProductDetail">
    insert into os_product_detail
    <trim prefix="(" suffix=")" suffixOverrides=",">
      <if test="productDetailId != null">
        product_detail_id,
      </if>
      <if test="productId != null">
        product_id,
      </if>
      <if test="createTime != null">
        create_time,
      </if>
      <if test="updateTime != null">
        update_time,
      </if>
      <if test="description != null">
        description,
      </if>
    </trim>
    <trim prefix="values (" suffix=")" suffixOverrides=",">
      <if test="productDetailId != null">
        #{productDetailId,jdbcType=BIGINT},
      </if>
      <if test="productId != null">
        #{productId,jdbcType=BIGINT},
      </if>
      <if test="createTime != null">
        #{createTime,jdbcType=TIMESTAMP},
      </if>
      <if test="updateTime != null">
        #{updateTime,jdbcType=TIMESTAMP},
      </if>
      <if test="description != null">
        #{description,jdbcType=LONGVARCHAR},
      </if>
    </trim>
  </insert>
  <update id="updateByPrimaryKeySelective" parameterType="com.shop.po.OsProductDetail">
    update os_product_detail
    <set>
      <if test="productId != null">
        product_id = #{productId,jdbcType=BIGINT},
      </if>
      <if test="createTime != null">
        create_time = #{createTime,jdbcType=TIMESTAMP},
      </if>
      <if test="updateTime != null">
        update_time = #{updateTime,jdbcType=TIMESTAMP},
      </if>
      <if test="description != null">
        description = #{description,jdbcType=LONGVARCHAR},
      </if>
    </set>
    where product_detail_id = #{productDetailId,jdbcType=BIGINT}
  </update>
  <update id="updateByPrimaryKeyWithBLOBs" parameterType="com.shop.po.OsProductDetail">
    update os_product_detail
    set product_id = #{productId,jdbcType=BIGINT},
      create_time = #{createTime,jdbcType=TIMESTAMP},
      update_time = #{updateTime,jdbcType=TIMESTAMP},
      description = #{description,jdbcType=LONGVARCHAR}
    where product_detail_id = #{productDetailId,jdbcType=BIGINT}
  </update>
  <update id="updateByPrimaryKey" parameterType="com.shop.po.OsProductDetail">
    update os_product_detail
    set product_id = #{productId,jdbcType=BIGINT},
      create_time = #{createTime,jdbcType=TIMESTAMP},
      update_time = #{updateTime,jdbcType=TIMESTAMP}
    where product_detail_id = #{productDetailId,jdbcType=BIGINT}
  </update>
</mapper>