<?xml version="1.0" encoding="UTF-8"?>
<!DOCTYPE mapper PUBLIC "-//mybatis.org//DTD Mapper 3.0//EN" "http://mybatis.org/dtd/mybatis-3-mapper.dtd">
<mapper namespace="com.shop.dao.OsSpecificationMapper">
  <resultMap id="BaseResultMap" type="com.shop.po.OsSpecification">
    <id column="specification_id" jdbcType="BIGINT" property="specificationId" />
    <result column="category_id" jdbcType="BIGINT" property="categoryId" />
    <result column="name" jdbcType="VARCHAR" property="name" />
    <result column="status" jdbcType="TINYINT" property="status" />
    <result column="sort" jdbcType="INTEGER" property="sort" />
    <result column="create_time" jdbcType="TIMESTAMP" property="createTime" />
    <result column="update_time" jdbcType="TIMESTAMP" property="updateTime" />
  </resultMap>
  <sql id="Base_Column_List">
    specification_id, category_id, name, status, sort, create_time, update_time
  </sql>
  <select id="selectByPrimaryKey" parameterType="java.lang.Long" resultMap="BaseResultMap">
    select 
    <include refid="Base_Column_List" />
    from os_specification
    where specification_id = #{specificationId,jdbcType=BIGINT}
  </select>
  <delete id="deleteByPrimaryKey" parameterType="java.lang.Long">
    delete from os_specification
    where specification_id = #{specificationId,jdbcType=BIGINT}
  </delete>
  <insert id="insert" parameterType="com.shop.po.OsSpecification">
    insert into os_specification (specification_id, category_id, name, 
      status, sort, create_time, 
      update_time)
    values (#{specificationId,jdbcType=BIGINT}, #{categoryId,jdbcType=BIGINT}, #{name,jdbcType=VARCHAR}, 
      #{status,jdbcType=TINYINT}, #{sort,jdbcType=INTEGER}, #{createTime,jdbcType=TIMESTAMP}, 
      #{updateTime,jdbcType=TIMESTAMP})
  </insert>
  <insert id="insertSelective" parameterType="com.shop.po.OsSpecification">
    insert into os_specification
    <trim prefix="(" suffix=")" suffixOverrides=",">
      <if test="specificationId != null">
        specification_id,
      </if>
      <if test="categoryId != null">
        category_id,
      </if>
      <if test="name != null">
        name,
      </if>
      <if test="status != null">
        status,
      </if>
      <if test="sort != null">
        sort,
      </if>
      <if test="createTime != null">
        create_time,
      </if>
      <if test="updateTime != null">
        update_time,
      </if>
    </trim>
    <trim prefix="values (" suffix=")" suffixOverrides=",">
      <if test="specificationId != null">
        #{specificationId,jdbcType=BIGINT},
      </if>
      <if test="categoryId != null">
        #{categoryId,jdbcType=BIGINT},
      </if>
      <if test="name != null">
        #{name,jdbcType=VARCHAR},
      </if>
      <if test="status != null">
        #{status,jdbcType=TINYINT},
      </if>
      <if test="sort != null">
        #{sort,jdbcType=INTEGER},
      </if>
      <if test="createTime != null">
        #{createTime,jdbcType=TIMESTAMP},
      </if>
      <if test="updateTime != null">
        #{updateTime,jdbcType=TIMESTAMP},
      </if>
    </trim>
  </insert>
  <update id="updateByPrimaryKeySelective" parameterType="com.shop.po.OsSpecification">
    update os_specification
    <set>
      <if test="categoryId != null">
        category_id = #{categoryId,jdbcType=BIGINT},
      </if>
      <if test="name != null">
        name = #{name,jdbcType=VARCHAR},
      </if>
      <if test="status != null">
        status = #{status,jdbcType=TINYINT},
      </if>
      <if test="sort != null">
        sort = #{sort,jdbcType=INTEGER},
      </if>
      <if test="createTime != null">
        create_time = #{createTime,jdbcType=TIMESTAMP},
      </if>
      <if test="updateTime != null">
        update_time = #{updateTime,jdbcType=TIMESTAMP},
      </if>
    </set>
    where specification_id = #{specificationId,jdbcType=BIGINT}
  </update>
  <update id="updateByPrimaryKey" parameterType="com.shop.po.OsSpecification">
    update os_specification
    set category_id = #{categoryId,jdbcType=BIGINT},
      name = #{name,jdbcType=VARCHAR},
      status = #{status,jdbcType=TINYINT},
      sort = #{sort,jdbcType=INTEGER},
      create_time = #{createTime,jdbcType=TIMESTAMP},
      update_time = #{updateTime,jdbcType=TIMESTAMP}
    where specification_id = #{specificationId,jdbcType=BIGINT}
  </update>
</mapper>