<?xml version="1.0" encoding="UTF-8" ?>
<!DOCTYPE configuration
  PUBLIC "-//mybatis.org//DTD Config 3.0//EN"
  "http://mybatis.org/dtd/mybatis-3-config.dtd">
<configuration>
	<settings>
		<setting name="logImpl" value="LOG4J" />
		<setting name="lazyLoadingEnabled" value="true" />
		<setting name="aggressiveLazyLoading" value="false" />
		<setting name="cacheEnabled" value="true" />
	</settings>
	<plugins>
		<plugin interceptor="com.github.pagehelper.PageHelper">
			<property name="dialect" value="mysql" />
			<property name="pageSizeZero" value="true" />
			<property name="reasonable" value="true" />
		</plugin>
	</plugins>
</configuration>