<?xml version="1.0" encoding="UTF-8"?>
<!DOCTYPE mapper PUBLIC "-//mybatis.org//DTD Mapper 3.0//EN" "http://mybatis.org/dtd/mybatis-3-mapper.dtd">
<mapper namespace="com.shop.dao.CmsMenuMapper">
  <resultMap id="BaseResultMap" type="com.shop.po.CmsMenu">
    <id column="menu_id" jdbcType="BIGINT" property="menuId" />
    <result column="parent_id" jdbcType="BIGINT" property="parentId" />
    <result column="menu_type" jdbcType="TINYINT" property="menuType" />
    <result column="menu_code" jdbcType="VARCHAR" property="menuCode" />
    <result column="menu_name" jdbcType="VARCHAR" property="menuName" />
    <result column="sort" jdbcType="INTEGER" property="sort" />
    <result column="href" jdbcType="VARCHAR" property="href" />
    <result column="icon" jdbcType="VARCHAR" property="icon" />
    <result column="status" jdbcType="TINYINT" property="status" />
    <result column="permission" jdbcType="VARCHAR" property="permission" />
    <result column="create_time" jdbcType="TIMESTAMP" property="createTime" />
    <result column="update_time" jdbcType="TIMESTAMP" property="updateTime" />
    <result column="remarks" jdbcType="VARCHAR" property="remarks" />
  </resultMap>
</mapper>