<?xml version="1.0" encoding="UTF-8"?>
<!DOCTYPE mapper PUBLIC "-//mybatis.org//DTD Mapper 3.0//EN" "http://mybatis.org/dtd/mybatis-3-mapper.dtd">
<mapper namespace="com.shop.dao.OsProductImageMapper">
  <resultMap id="BaseResultMap" type="com.shop.po.OsProductImage">
    <id column="pic_img_id" jdbcType="BIGINT" property="picImgId" />
    <result column="product_id" jdbcType="BIGINT" property="productId" />
    <result column="pic_img" jdbcType="VARCHAR" property="picImg" />
    <result column="sort" jdbcType="TINYINT" property="sort" />
    <result column="status" jdbcType="TINYINT" property="status" />
    <result column="create_time" jdbcType="TIMESTAMP" property="createTime" />
  </resultMap>
  <sql id="Base_Column_List">
    pic_img_id, product_id, pic_img, sort, status, create_time
  </sql>
  <select id="selectByPrimaryKey" parameterType="java.lang.Long" resultMap="BaseResultMap">
    select 
    <include refid="Base_Column_List" />
    from os_product_image
    where pic_img_id = #{picImgId,jdbcType=BIGINT}
  </select>
  <select id="selectByProductId" parameterType="java.lang.Long" resultMap="BaseResultMap">
    select 
    <include refid="Base_Column_List" />
    from os_product_image
    where product_id = #{productId,jdbcType=BIGINT}
  </select>
  <delete id="deleteByPrimaryKey" parameterType="java.lang.Long">
    delete from os_product_image
    where pic_img_id = #{picImgId,jdbcType=BIGINT}
  </delete>
  <insert id="insert" parameterType="com.shop.po.OsProductImage">
    insert into os_product_image (pic_img_id, product_id, pic_img, 
      sort, status, create_time
      )
    values (#{picImgId,jdbcType=BIGINT}, #{productId,jdbcType=BIGINT}, #{picImg,jdbcType=VARCHAR}, 
      #{sort,jdbcType=TINYINT}, #{status,jdbcType=TINYINT}, #{createTime,jdbcType=TIMESTAMP}
      )
  </insert>
  <insert id="insertSelective" parameterType="com.shop.po.OsProductImage">
    insert into os_product_image
    <trim prefix="(" suffix=")" suffixOverrides=",">
      <if test="picImgId != null">
        pic_img_id,
      </if>
      <if test="productId != null">
        product_id,
      </if>
      <if test="picImg != null">
        pic_img,
      </if>
      <if test="sort != null">
        sort,
      </if>
      <if test="status != null">
        status,
      </if>
      <if test="createTime != null">
        create_time,
      </if>
    </trim>
    <trim prefix="values (" suffix=")" suffixOverrides=",">
      <if test="picImgId != null">
        #{picImgId,jdbcType=BIGINT},
      </if>
      <if test="productId != null">
        #{productId,jdbcType=BIGINT},
      </if>
      <if test="picImg != null">
        #{picImg,jdbcType=VARCHAR},
      </if>
      <if test="sort != null">
        #{sort,jdbcType=TINYINT},
      </if>
      <if test="status != null">
        #{status,jdbcType=TINYINT},
      </if>
      <if test="createTime != null">
        #{createTime,jdbcType=TIMESTAMP},
      </if>
    </trim>
  </insert>
  <update id="updateByPrimaryKeySelective" parameterType="com.shop.po.OsProductImage">
    update os_product_image
    <set>
      <if test="productId != null">
        product_id = #{productId,jdbcType=BIGINT},
      </if>
      <if test="picImg != null">
        pic_img = #{picImg,jdbcType=VARCHAR},
      </if>
      <if test="sort != null">
        sort = #{sort,jdbcType=TINYINT},
      </if>
      <if test="status != null">
        status = #{status,jdbcType=TINYINT},
      </if>
      <if test="createTime != null">
        create_time = #{createTime,jdbcType=TIMESTAMP},
      </if>
    </set>
    where pic_img_id = #{picImgId,jdbcType=BIGINT}
  </update>
  <update id="updateByPrimaryKey" parameterType="com.shop.po.OsProductImage">
    update os_product_image
    set product_id = #{productId,jdbcType=BIGINT},
      pic_img = #{picImg,jdbcType=VARCHAR},
      sort = #{sort,jdbcType=TINYINT},
      status = #{status,jdbcType=TINYINT},
      create_time = #{createTime,jdbcType=TIMESTAMP}
    where pic_img_id = #{picImgId,jdbcType=BIGINT}
  </update>
</mapper>