<?xml version="1.0" encoding="UTF-8"?>
<!DOCTYPE mapper PUBLIC "-//mybatis.org//DTD Mapper 3.0//EN" "http://mybatis.org/dtd/mybatis-3-mapper.dtd">
<mapper namespace="com.shop.dao.OsUserMapper">
  <resultMap id="BaseResultMap" type="com.shop.po.OsUser">
    <id column="user_id" jdbcType="BIGINT" property="userId" />
    <result column="user_number" jdbcType="BIGINT" property="userNumber" />
    <result column="user_name" jdbcType="VARCHAR" property="userName" />
    <result column="login_password" jdbcType="VARCHAR" property="loginPassword" />
    <result column="real_name" jdbcType="VARCHAR" property="realName" />
    <result column="sex" jdbcType="BIT" property="sex" />
    <result column="age" jdbcType="TINYINT" property="age" />
    <result column="pic_img" jdbcType="VARCHAR" property="picImg" />
    <result column="status" jdbcType="BIT" property="status" />
    <result column="telephone" jdbcType="VARCHAR" property="telephone" />
    <result column="regeist_time" jdbcType="TIMESTAMP" property="regeistTime" />
    <result column="update_time" jdbcType="TIMESTAMP" property="updateTime" />
  </resultMap>
   <sql id="Base_Column_List">
    user_id, user_number, user_name, login_password, real_name, sex, age, pic_img, status, 
    telephone, regeist_time, update_time
  </sql>
  <select id="selectByPrimaryKey" parameterType="java.lang.Long" resultMap="BaseResultMap">
    select 
    <include refid="Base_Column_List" />
    from os_user
    where user_id = #{userId,jdbcType=BIGINT}
  </select>

  <select id="selectByTelephone" parameterType="java.lang.String" resultMap="BaseResultMap">
    select
    <include refid="Base_Column_List" />
    from os_user
    where telephone = #{telephone,jdbcType=VARCHAR}
  </select>

  <delete id="deleteByPrimaryKey" parameterType="java.lang.Long">
    delete from os_user
    where user_id = #{userId,jdbcType=BIGINT}
  </delete>
  <insert id="insert" parameterType="com.shop.po.OsUser">
    insert into os_user (user_id, user_number, user_name, 
      login_password, real_name, sex, 
      age, pic_img, status, telephone, 
      regeist_time, update_time)
    values (#{userId,jdbcType=BIGINT}, #{userNumber,jdbcType=BIGINT}, #{userName,jdbcType=VARCHAR}, 
      #{loginPassword,jdbcType=VARCHAR}, #{realName,jdbcType=VARCHAR}, #{sex,jdbcType=BIT}, 
      #{age,jdbcType=TINYINT}, #{picImg,jdbcType=VARCHAR}, #{status,jdbcType=BIT}, #{telephone,jdbcType=VARCHAR}, 
      #{regeistTime,jdbcType=TIMESTAMP}, #{updateTime,jdbcType=TIMESTAMP})
  </insert>
  <insert id="insertSelective" parameterType="com.shop.po.OsUser">
    insert into os_user
    <trim prefix="(" suffix=")" suffixOverrides=",">
      <if test="userId != null">
        user_id,
      </if>
      <if test="userNumber != null">
        user_number,
      </if>
      <if test="userName != null">
        user_name,
      </if>
      <if test="loginPassword != null">
        login_password,
      </if>
      <if test="realName != null">
        real_name,
      </if>
      <if test="sex != null">
        sex,
      </if>
      <if test="age != null">
        age,
      </if>
      <if test="picImg != null">
        pic_img,
      </if>
      <if test="status != null">
        status,
      </if>
      <if test="telephone != null">
        telephone,
      </if>
      <if test="regeistTime != null">
        regeist_time,
      </if>
      <if test="updateTime != null">
        update_time,
      </if>
    </trim>
    <trim prefix="values (" suffix=")" suffixOverrides=",">
      <if test="userId != null">
        #{userId,jdbcType=BIGINT},
      </if>
      <if test="userNumber != null">
        #{userNumber,jdbcType=BIGINT},
      </if>
      <if test="userName != null">
        #{userName,jdbcType=VARCHAR},
      </if>
      <if test="loginPassword != null">
        #{loginPassword,jdbcType=VARCHAR},
      </if>
      <if test="realName != null">
        #{realName,jdbcType=VARCHAR},
      </if>
      <if test="sex != null">
        #{sex,jdbcType=BIT},
      </if>
      <if test="age != null">
        #{age,jdbcType=TINYINT},
      </if>
      <if test="picImg != null">
        #{picImg,jdbcType=VARCHAR},
      </if>
      <if test="status != null">
        #{status,jdbcType=BIT},
      </if>
      <if test="telephone != null">
        #{telephone,jdbcType=VARCHAR},
      </if>
      <if test="regeistTime != null">
        #{regeistTime,jdbcType=TIMESTAMP},
      </if>
      <if test="updateTime != null">
        #{updateTime,jdbcType=TIMESTAMP},
      </if>
    </trim>
  </insert>
  <update id="updateByPrimaryKeySelective" parameterType="com.shop.po.OsUser">
    update os_user
    <set>
      <if test="userNumber != null">
        user_number = #{userNumber,jdbcType=BIGINT},
      </if>
      <if test="userName != null">
        user_name = #{userName,jdbcType=VARCHAR},
      </if>
      <if test="loginPassword != null">
        login_password = #{loginPassword,jdbcType=VARCHAR},
      </if>
      <if test="realName != null">
        real_name = #{realName,jdbcType=VARCHAR},
      </if>
      <if test="sex != null">
        sex = #{sex,jdbcType=BIT},
      </if>
      <if test="age != null">
        age = #{age,jdbcType=TINYINT},
      </if>
      <if test="picImg != null">
        pic_img = #{picImg,jdbcType=VARCHAR},
      </if>
      <if test="status != null">
        status = #{status,jdbcType=BIT},
      </if>
      <if test="telephone != null">
        telephone = #{telephone,jdbcType=VARCHAR},
      </if>
      <if test="regeistTime != null">
        regeist_time = #{regeistTime,jdbcType=TIMESTAMP},
      </if>
      <if test="updateTime != null">
        update_time = #{updateTime,jdbcType=TIMESTAMP},
      </if>
    </set>
    where user_id = #{userId,jdbcType=BIGINT}
  </update>
  <update id="updateByPrimaryKey" parameterType="com.shop.po.OsUser">
    update os_user
    set user_number = #{userNumber,jdbcType=BIGINT},
      user_name = #{userName,jdbcType=VARCHAR},
      login_password = #{loginPassword,jdbcType=VARCHAR},
      real_name = #{realName,jdbcType=VARCHAR},
      sex = #{sex,jdbcType=BIT},
      age = #{age,jdbcType=TINYINT},
      pic_img = #{picImg,jdbcType=VARCHAR},
      status = #{status,jdbcType=BIT},
      telephone = #{telephone,jdbcType=VARCHAR},
      regeist_time = #{regeistTime,jdbcType=TIMESTAMP},
      update_time = #{updateTime,jdbcType=TIMESTAMP}
    where user_id = #{userId,jdbcType=BIGINT}
  </update>
</mapper>