<?xml version="1.0" encoding="UTF-8"?>
<!DOCTYPE mapper PUBLIC "-//mybatis.org//DTD Mapper 3.0//EN" "http://mybatis.org/dtd/mybatis-3-mapper.dtd">
<mapper namespace="com.shop.dao.OsOrderStatusMapper">
  <resultMap id="BaseResultMap" type="com.shop.po.OsOrderStatus">
    <id column="order_status_id" jdbcType="BIGINT" property="orderStatusId" />
    <result column="order_id" jdbcType="BIGINT" property="orderId" />
    <result column="order_status" jdbcType="TINYINT" property="orderStatus" />
    <result column="create_time" jdbcType="TIMESTAMP" property="createTime" />
    <result column="create_status" jdbcType="TINYINT" property="createStatus" />
    <result column="remarks" jdbcType="VARCHAR" property="remarks" />
  </resultMap>
</mapper>