<?xml version="1.0" encoding="UTF-8"?>
<!DOCTYPE mapper PUBLIC "-//mybatis.org//DTD Mapper 3.0//EN" "http://mybatis.org/dtd/mybatis-3-mapper.dtd">
<mapper namespace="com.shop.dao.OsOrderProductMapper">
  <resultMap id="BaseResultMap" type="com.shop.po.OsOrderProduct">
    <id column="order_product_id" jdbcType="BIGINT" property="orderProductId" />
    <result column="order_id" jdbcType="BIGINT" property="orderId" />
    <result column="product_number" jdbcType="BIGINT" property="productNumber" />
    <result column="name" jdbcType="VARCHAR" property="name" />
    <result column="pic_img" jdbcType="VARCHAR" property="picImg" />
    <result column="product_spec_number" jdbcType="BIGINT" property="productSpecNumber" />
    <result column="product_spec_name" jdbcType="VARCHAR" property="productSpecName" />
    <result column="price" jdbcType="DECIMAL" property="price" />
    <result column="score" jdbcType="INTEGER" property="score" />
    <result column="buy_number" jdbcType="INTEGER" property="buyNumber" />
    <result column="product_score" jdbcType="INTEGER" property="productScore" />
    <result column="product_amount" jdbcType="DECIMAL" property="productAmount" />
    <result column="comment_status" jdbcType="TINYINT" property="commentStatus" />
    <result column="seller_id" jdbcType="BIGINT" property="sellerId" />
  </resultMap>
  <sql id="Base_Column_List">
    order_product_id, order_id, product_number, name, pic_img, product_spec_number, product_spec_name, 
    price, score, buy_number, product_score, product_amount, comment_status, seller_id
  </sql>
  <select id="selectByPrimaryKey" parameterType="java.lang.Long" resultMap="BaseResultMap">
    select 
    <include refid="Base_Column_List" />
    from os_order_product
    where order_product_id = #{orderProductId,jdbcType=BIGINT}
  </select>

  <select id="selectByOrderId" parameterType="java.lang.Long" resultMap="BaseResultMap">
    select
    <include refid="Base_Column_List" />
    from os_order_product
    where order_id = #{orderId,jdbcType=BIGINT}
  </select>

  <delete id="deleteByPrimaryKey" parameterType="java.lang.Long">
    delete from os_order_product
    where order_product_id = #{orderProductId,jdbcType=BIGINT}
  </delete>
  <insert id="insert" parameterType="com.shop.po.OsOrderProduct">
    insert into os_order_product (order_product_id, order_id, product_number, 
      name, pic_img, product_spec_number, 
      product_spec_name, price, score, 
      buy_number, product_score, product_amount, 
      comment_status, seller_id)
    values (#{orderProductId,jdbcType=BIGINT}, #{orderId,jdbcType=BIGINT}, #{productNumber,jdbcType=BIGINT}, 
      #{name,jdbcType=VARCHAR}, #{picImg,jdbcType=VARCHAR}, #{productSpecNumber,jdbcType=BIGINT}, 
      #{productSpecName,jdbcType=VARCHAR}, #{price,jdbcType=DECIMAL}, #{score,jdbcType=INTEGER}, 
      #{buyNumber,jdbcType=INTEGER}, #{productScore,jdbcType=INTEGER}, #{productAmount,jdbcType=DECIMAL}, 
      #{commentStatus,jdbcType=TINYINT}, #{sellerId,jdbcType=BIGINT})
  </insert>
  <insert id="insertSelective" parameterType="com.shop.po.OsOrderProduct">
    insert into os_order_product
    <trim prefix="(" suffix=")" suffixOverrides=",">
      <if test="orderProductId != null">
        order_product_id,
      </if>
      <if test="orderId != null">
        order_id,
      </if>
      <if test="productNumber != null">
        product_number,
      </if>
      <if test="name != null">
        name,
      </if>
      <if test="picImg != null">
        pic_img,
      </if>
      <if test="productSpecNumber != null">
        product_spec_number,
      </if>
      <if test="productSpecName != null">
        product_spec_name,
      </if>
      <if test="price != null">
        price,
      </if>
      <if test="score != null">
        score,
      </if>
      <if test="buyNumber != null">
        buy_number,
      </if>
      <if test="productScore != null">
        product_score,
      </if>
      <if test="productAmount != null">
        product_amount,
      </if>
      <if test="commentStatus != null">
        comment_status,
      </if>
      <if test="sellerId != null">
        seller_Id,
      </if>
    </trim>
    <trim prefix="values (" suffix=")" suffixOverrides=",">
      <if test="orderProductId != null">
        #{orderProductId,jdbcType=BIGINT},
      </if>
      <if test="orderId != null">
        #{orderId,jdbcType=BIGINT},
      </if>
      <if test="productNumber != null">
        #{productNumber,jdbcType=BIGINT},
      </if>
      <if test="name != null">
        #{name,jdbcType=VARCHAR},
      </if>
      <if test="picImg != null">
        #{picImg,jdbcType=VARCHAR},
      </if>
      <if test="productSpecNumber != null">
        #{productSpecNumber,jdbcType=BIGINT},
      </if>
      <if test="productSpecName != null">
        #{productSpecName,jdbcType=VARCHAR},
      </if>
      <if test="price != null">
        #{price,jdbcType=DECIMAL},
      </if>
      <if test="score != null">
        #{score,jdbcType=INTEGER},
      </if>
      <if test="buyNumber != null">
        #{buyNumber,jdbcType=INTEGER},
      </if>
      <if test="productScore != null">
        #{productScore,jdbcType=INTEGER},
      </if>
      <if test="productAmount != null">
        #{productAmount,jdbcType=DECIMAL},
      </if>
      <if test="commentStatus != null">
        #{commentStatus,jdbcType=TINYINT},
      </if>
      <if test="sellerId != null">
        #{sellerId,jdbcType=BIGINT},
      </if>
    </trim>
  </insert>
  <update id="updateByPrimaryKeySelective" parameterType="com.shop.po.OsOrderProduct">
    update os_order_product
    <set>
      <if test="orderId != null">
        order_id = #{orderId,jdbcType=BIGINT},
      </if>
      <if test="productNumber != null">
        product_number = #{productNumber,jdbcType=BIGINT},
      </if>
      <if test="name != null">
        name = #{name,jdbcType=VARCHAR},
      </if>
      <if test="picImg != null">
        pic_img = #{picImg,jdbcType=VARCHAR},
      </if>
      <if test="productSpecNumber != null">
        product_spec_number = #{productSpecNumber,jdbcType=BIGINT},
      </if>
      <if test="productSpecName != null">
        product_spec_name = #{productSpecName,jdbcType=VARCHAR},
      </if>
      <if test="price != null">
        price = #{price,jdbcType=DECIMAL},
      </if>
      <if test="score != null">
        score = #{score,jdbcType=INTEGER},
      </if>
      <if test="buyNumber != null">
        buy_number = #{buyNumber,jdbcType=INTEGER},
      </if>
      <if test="productScore != null">
        product_score = #{productScore,jdbcType=INTEGER},
      </if>
      <if test="productAmount != null">
        product_amount = #{productAmount,jdbcType=DECIMAL},
      </if>
      <if test="commentStatus != null">
        comment_status = #{commentStatus,jdbcType=TINYINT},
      </if>
      <if test="sellerId != null">
        order_id = #{sellerId,jdbcType=BIGINT},
      </if>
    </set>
    where order_product_id = #{orderProductId,jdbcType=BIGINT}
  </update>
  <update id="updateByPrimaryKey" parameterType="com.shop.po.OsOrderProduct">
    update os_order_product
    set order_id = #{orderId,jdbcType=BIGINT},
      product_number = #{productNumber,jdbcType=BIGINT},
      name = #{name,jdbcType=VARCHAR},
      pic_img = #{picImg,jdbcType=VARCHAR},
      product_spec_number = #{productSpecNumber,jdbcType=BIGINT},
      product_spec_name = #{productSpecName,jdbcType=VARCHAR},
      price = #{price,jdbcType=DECIMAL},
      score = #{score,jdbcType=INTEGER},
      buy_number = #{buyNumber,jdbcType=INTEGER},
      product_score = #{productScore,jdbcType=INTEGER},
      product_amount = #{productAmount,jdbcType=DECIMAL},
      comment_status = #{commentStatus,jdbcType=TINYINT},
      seller_id = #{sellerId,jdbcType=BIGINT}
    where order_product_id = #{orderProductId,jdbcType=BIGINT}
  </update>
  
  
  <select id="selectBySellerId" parameterType="java.lang.Long" resultMap="BaseResultMap">
    select
    <include refid="Base_Column_List" />
    from os_order_product
    where seller_id = #{sellerId,jdbcType=BIGINT}
  </select>
  
</mapper>