<?xml version="1.0" encoding="UTF-8"?>
<!DOCTYPE mapper PUBLIC "-//mybatis.org//DTD Mapper 3.0//EN" "http://mybatis.org/dtd/mybatis-3-mapper.dtd">
<mapper namespace="com.shop.dao.OsSpecificationMapper">
  <resultMap id="BaseResultMap" type="com.shop.po.OsSpecification">
    <id column="specification_id" jdbcType="BIGINT" property="specificationId" />
    <result column="category_id" jdbcType="BIGINT" property="categoryId" />
    <result column="name" jdbcType="VARCHAR" property="name" />
    <result column="status" jdbcType="TINYINT" property="status" />
    <result column="sort" jdbcType="INTEGER" property="sort" />
    <result column="create_time" jdbcType="TIMESTAMP" property="createTime" />
    <result column="update_time" jdbcType="TIMESTAMP" property="updateTime" />
  </resultMap>
</mapper>