<?xml version="1.0" encoding="UTF-8"?>   
<beans xmlns="http://www.springframework.org/schema/beans"
	xmlns:xsi="http://www.w3.org/2001/XMLSchema-instance" xmlns:mvc="http://www.springframework.org/schema/mvc"
	xmlns:context="http://www.springframework.org/schema/context"
	xsi:schemaLocation="
        http://www.springframework.org/schema/beans
        http://www.springframework.org/schema/beans/spring-beans.xsd
        http://www.springframework.org/schema/mvc
        http://www.springframework.org/schema/mvc/spring-mvc.xsd     
        http://www.springframework.org/schema/context
        http://www.springframework.org/schema/context/spring-context.xsd">

	<!-- controller的自动扫包 -->
	<context:component-scan base-package="com.shop.controller" />
	<!-- controller注解分发支持 -->
	<mvc:annotation-driven />
	<!-- 默认处理静态资源文件 -->
	<mvc:default-servlet-handler />
	<!-- 视图解析器 -->
	<bean id="viewResolver"
		class="org.springframework.web.servlet.view.InternalResourceViewResolver">
		<!-- 前缀 -->
		<property name="prefix">
			<value>/WEB-INF/views/modules</value>
		</property>
		<!-- 后缀 -->
		<property name="suffix">
			<value>.jsp</value>
		</property>
	</bean>
	<!-- 文件解析器 -->
	<bean id="multipartResolver"
		class="org.springframework.web.multipart.commons.CommonsMultipartResolver">
		<property name="maxUploadSize">
			<value>10485760</value>
		</property>
		<!-- 请求的编码格式，必须和jSP的pageEncoding属性一致，以便正确读取表单的内容，默认为ISO-8859-1 -->
		<property name="defaultEncoding">
			<value>UTF-8</value>
		</property>
	</bean>

	<!-- <bean id="stringHttpMessageConverter"
		class="org.springframework.http.converter.StringHttpMessageConverter" />

	<bean id="mappingJacksonHttpMessageConverter"
		class="org.springframework.http.converter.json.MappingJacksonHttpMessageConverter">
		<property name="supportedMediaTypes">
			<list>
				<value>text/html;charset=UTF-8</value>
			</list>
		</property>
	</bean>

	启动Spring MVC的注解功能，完成请求和注解POJO的映射
	<bean
		class="org.springframework.web.servlet.mvc.annotation.AnnotationMethodHandlerAdapter">
		<property name="messageConverters">
			<list>
				<ref bean="mappingJacksonHttpMessageConverter" />
				新增的StringMessageConverter bean
				<ref bean="stringHttpMessageConverter" />
			</list>
		</property>
	</bean> -->

</beans>